{"cameraMode":{"drawMode":0,"name":"Shaded","section":"Shading Mode"},"sceneLighting":true,"audioPlay":false,"sceneViewState":{"showFog":true,"showMaterialUpdate":false,"showSkybox":true,"showFlares":true,"showImageEffects":true,"showParticleSystems":true},"in2DMode":false,"pivot":{"x":-146.47296142578126,"y":-177.12591552734376,"z":-81.780029296875},"rotation":{"x":-0.023984650149941446,"y":0.9586905241012573,"z":-0.08384482562541962,"w":-0.2712126076221466},"size":1063.5977783203125,"orthographic":false}