{"cameraMode":{"drawMode":0,"name":"Shaded","section":"Shading Mode"},"sceneLighting":true,"audioPlay":false,"sceneViewState":{"showFog":true,"showMaterialUpdate":false,"showSkybox":true,"showFlares":true,"showImageEffects":true,"showParticleSystems":true},"in2DMode":false,"pivot":{"x":337.3101806640625,"y":-38.98031997680664,"z":487.4488525390625},"rotation":{"x":0.07317255437374115,"y":-0.8817377090454102,"z":0.14574220776557923,"w":0.44268330931663515},"size":72.21861267089844,"orthographic":false}