{"cameraMode":{"drawMode":0,"name":"Shaded","section":"Shading Mode"},"sceneLighting":true,"audioPlay":false,"sceneViewState":{"showFog":true,"showMaterialUpdate":false,"showSkybox":true,"showFlares":true,"showImageEffects":true,"showParticleSystems":true},"in2DMode":false,"pivot":{"x":-155.23435974121095,"y":-115.25853729248047,"z":31.44184112548828},"rotation":{"x":0.059101883322000507,"y":-0.940261721611023,"z":0.21848605573177339,"w":0.2544587552547455},"size":949.9606323242188,"orthographic":true}