{"cameraMode":{"drawMode":0,"name":"Shaded","section":"Shading Mode"},"sceneLighting":true,"audioPlay":false,"sceneViewState":{"showFog":true,"showMaterialUpdate":false,"showSkybox":true,"showFlares":true,"showImageEffects":true,"showParticleSystems":true},"in2DMode":false,"pivot":{"x":-39.801048278808597,"y":114.49151611328125,"z":-346.66314697265627},"rotation":{"x":-0.10399952530860901,"y":-0.4073147177696228,"z":0.046858057379722598,"w":-0.906225323677063},"size":875.461181640625,"orthographic":true}