{"cameraMode":{"drawMode":0,"name":"Shaded","section":"Shading Mode"},"sceneLighting":false,"audioPlay":false,"sceneViewState":{"showFog":true,"showMaterialUpdate":false,"showSkybox":false,"showFlares":true,"showImageEffects":true,"showParticleSystems":true},"in2DMode":false,"pivot":{"x":0.08885151147842407,"y":1.1009520292282105,"z":-0.22980421781539918},"rotation":{"x":0.15239329636096955,"y":-0.8469171524047852,"z":0.341041624546051,"w":0.37851250171661379},"size":1.561598777770996,"orthographic":true}