{"cameraMode":{"drawMode":0,"name":"Shaded","section":"Shading Mode"},"sceneLighting":true,"audioPlay":false,"sceneViewState":{"showFog":true,"showMaterialUpdate":false,"showSkybox":true,"showFlares":true,"showImageEffects":true,"showParticleSystems":true},"in2DMode":false,"pivot":{"x":265.248046875,"y":-145.51918029785157,"z":488.427490234375},"rotation":{"x":0.12995785474777223,"y":0.26572537422180178,"z":-0.036175310611724856,"w":0.9545767307281494},"size":296.70208740234377,"orthographic":false}