{"cameraMode":{"drawMode":0,"name":"Shaded","section":"Shading Mode"},"sceneLighting":true,"audioPlay":false,"sceneViewState":{"showFog":true,"showMaterialUpdate":false,"showSkybox":true,"showFlares":true,"showImageEffects":true,"showParticleSystems":true},"in2DMode":false,"pivot":{"x":-169.571533203125,"y":-145.62646484375,"z":78.96902465820313},"rotation":{"x":0.06416647881269455,"y":-0.8967652916908264,"z":0.13857975602149964,"w":0.41540002822875979},"size":1314.7962646484375,"orthographic":true}