{"cameraMode":{"drawMode":0,"name":"Shaded","section":"Shading Mode"},"sceneLighting":true,"audioPlay":false,"sceneViewState":{"showFog":true,"showMaterialUpdate":false,"showSkybox":true,"showFlares":true,"showImageEffects":true,"showParticleSystems":true},"in2DMode":false,"pivot":{"x":-68.51895141601563,"y":17.69316291809082,"z":-26.530532836914064},"rotation":{"x":-0.012905851006507874,"y":-0.888588547706604,"z":-0.02505911886692047,"w":0.45786744356155398},"size":95.60340881347656,"orthographic":false}