{"cameraMode":{"drawMode":0,"name":"Shaded","section":"Shading Mode"},"sceneLighting":true,"audioPlay":false,"sceneViewState":{"showFog":true,"showMaterialUpdate":false,"showSkybox":true,"showFlares":true,"showImageEffects":true,"showParticleSystems":true},"in2DMode":false,"pivot":{"x":66.9000015258789,"y":11.399999618530274,"z":49.599998474121097},"rotation":{"x":-0.023326631635427476,"y":-0.3647628724575043,"z":-0.009524100460112095,"w":0.9309312701225281},"size":0.03554539382457733,"orthographic":false}