{"cameraMode":{"drawMode":0,"name":"Shaded","section":"Shading Mode"},"sceneLighting":true,"audioPlay":false,"sceneViewState":{"showFog":true,"showMaterialUpdate":false,"showSkybox":true,"showFlares":true,"showImageEffects":true,"showParticleSystems":true},"in2DMode":false,"pivot":{"x":1625.8438720703125,"y":573.8389282226563,"z":1904.4437255859375},"rotation":{"x":-0.0249826367944479,"y":0.470999538898468,"z":0.013068036176264286,"w":0.8818548321723938},"size":1556.9239501953125,"orthographic":false}