{"cameraMode":{"drawMode":0,"name":"Shaded","section":"Shading Mode"},"sceneLighting":true,"audioPlay":false,"sceneViewState":{"showFog":true,"showMaterialUpdate":false,"showSkybox":true,"showFlares":true,"showImageEffects":true,"showParticleSystems":true},"in2DMode":false,"pivot":{"x":330.7618408203125,"y":-42.11662673950195,"z":498.0267333984375},"rotation":{"x":0.06959876418113709,"y":-0.8816800117492676,"z":0.13759256899356843,"w":0.44597116112709048},"size":175.03158569335938,"orthographic":false}