{"cameraMode":{"drawMode":0,"name":"Shaded","section":"Shading Mode"},"sceneLighting":false,"audioPlay":false,"sceneViewState":{"showFog":true,"showMaterialUpdate":false,"showSkybox":false,"showFlares":true,"showImageEffects":true,"showParticleSystems":true},"in2DMode":false,"pivot":{"x":24.705400466918947,"y":8.914326667785645,"z":-40.41118621826172},"rotation":{"x":0.15239329636096955,"y":-0.8469171524047852,"z":0.341041624546051,"w":0.37851250171661379},"size":9.610730171203614,"orthographic":true}