{"cameraMode":{"drawMode":0,"name":"Shaded","section":"Shading Mode"},"sceneLighting":true,"audioPlay":false,"sceneViewState":{"showFog":true,"showMaterialUpdate":false,"showSkybox":true,"showFlares":true,"showImageEffects":true,"showParticleSystems":true},"in2DMode":false,"pivot":{"x":-155.23435974121095,"y":-115.25853729248047,"z":31.44184112548828},"rotation":{"x":0.15239329636096955,"y":-0.8469171524047852,"z":0.341041624546051,"w":0.37851250171661379},"size":725.3073120117188,"orthographic":true}